Rank,Feature_Name,Summary,Impact_Score,Effort_Score,ROI,Target_Users,Stakeholder_Dependencies,Data_Confidence,Risk_Level,Strategic_Category,Priority_Score,Recommended_Quarter,Expected_Impact,Rationale
1,Status-Based Reporting Implementation,"Deploy 23-status-code tracking system to enable accurate measurement of all sharing requests. Foundation for all optimization.",10,5,2.00,Operations,None,High,Low,Foundation,85.0,2026 Q1,"100% measurement accuracy, validated baselines","FOUNDATIONAL REQUIREMENT. Cannot optimize what we cannot measure. All other initiatives depend on accurate data. 350K request analysis revealed gaps in current tracking."
2,Document Pre-Check API,"API endpoint for SPs to verify document availability before creating share requests. Prevents futile requests.",10,5,2.00,SPs,None,High,Low,Conversion Opt,85.0,2026 Q1,"-72K futile requests/week, +10K shares/week","Data shows 20.6% of requests (72K/week) fail due to missing docs with 0% success rate. Highest ROI quick win. SP-positive - reduces wasted integration effort."
3,Android Optimization Sprint,"Dedicated investigation and fix sprint for Android platform covering notifications, UX friction, crashes, and performance.",9,6,1.50,Android Users (43%),None,High,Medium,Conversion Opt,78.0,2026 Q1,"+15K shares/week, close 10% platform gap","Data shows Android at 67.7% vs iOS 77.8% - 10 percentage point gap affecting 43% of users. 15K lost shares/week is material."
4,Consent Screen Redesign,"A/B test redesign of consent screen with clearer value proposition, trust indicators, and progress steps.",9,5,1.80,All Users,DDA,High,Medium,Conversion Opt,79.0,2026 Q2,"-5% abandonment, +2800 shares/week","16.9% abandon at consent screen (biggest funnel leak). 28K users with docs available still abandon. Data-validated opportunity."
5,Issuer Retry Logic,"Implement intelligent retry with exponential backoff and circuit breaker for issuer document retrieval failures.",8,4,2.00,All Users,ICP,High,Low,Platform Maturity,80.0,2026 Q1,"-52% issuer failures, +1500 shares/week","26.1% of technical failures (3167/week) are issuer retrieval issues. Many are transient and recoverable with retry logic."
6,Auto-Add Documents Launch,"One-time consent for DV to periodically check and auto-add new/updated documents from issuers.",9,8,1.13,Majority (>50%),Legal,High,High,Platform Maturity,68.5,2026 Q2,"-10% missing doc failures, +5% doc freshness","Addresses root cause of 20.6% dead-on-arrival requests. Proactive beats reactive. Legal dependency is key risk."
7,ICP eSeal Transition Completion,"Complete transition from DDA eSeal service to ICP self-signing with own HSM. Ensure SP validation compatibility.",8,3,2.67,All Users,ICP,Medium,Medium,Foundation,79.0,2026 Q1,"<0.1% validation failures post-cutover","Already in progress. Critical dependency resolution. Low effort (mostly coordination) but high impact if fails."
8,Dual Citizenship GA,"Complete Primary/Secondary EID handling with final EN/AR copy approval and edge case handling.",7,5,1.40,Specific Segment,DDA,Medium,Medium,Platform Maturity,70.0,2026 Q1-Q2,"95%+ dual user onboarding success","Feature completion for Special Emirati Citizenship users. In development, needs GA release. Limited user segment but strategic."
9,UX Enhancements Bundle,"Grid view, copy-any-field, empty states, PDF viewer revamp, issuer logo chips.",7,4,1.75,All Users,DDA,Medium,Low,Platform Maturity,73.0,2026 Q2,"-20% doc discovery time, +15% PDF satisfaction","Multiple UX issues identified in user research and Miro boards. Low-medium effort bundle with cumulative impact."
10,Post-Consent Flow Optimization,"Reduce latency between consent and PIN, add progress state, implement session recovery and reminder notifications.",7,5,1.40,All Users,None,High,Low,Conversion Opt,73.0,2026 Q2,"-1.3% abandonment, +2200 shares/week","4.3% drop-off after consent but before PIN. Data-validated opportunity to recover engaged users."
11,Document Request Reminder Notification,"Send reminder notification if user hasn't acted on document request within configurable time window.",7,3,2.33,All Users,None,Medium,Low,Conversion Opt,76.0,2026 Q2,"-3% abandonment rate","From Miro boards - low effort conversion optimization. Users who received notification but took no action."
12,Proactive Document Availability Notification,"Notify users when requested documents become available so they can complete pending sharing flows.",7,4,1.75,All Users,None,High,Low,Conversion Opt,74.0,2026 Q2,"+5% completion of pending requests","Data shows document availability is THE critical factor. Proactive notification enables recovery of pending flows."
13,Loading Screen Reduction,"Analyze and reduce loading screen frequency throughout the app. Analysis complete in Miro backlog.",6,4,1.50,All Users,None,Medium,Low,Platform Maturity,70.0,2026 Q2,"-30% perceived latency","Analysis already complete (DVT-2457/2529). Implementation opportunity from Miro backlog."
14,Ghost Loader Implementation,"Progressive skeleton/shimmer loading UX pattern for improved perceived performance. Part 1 complete.",6,4,1.50,All Users,DDA,Medium,Low,Platform Maturity,70.0,2026 Q2,"+20% perceived performance","From Miro boards - Part 1 done, Part 2 opportunity. Improves perceived performance during async operations."
15,Consent Screen A/B Testing Framework,"Infrastructure to enable rapid A/B testing of consent screen variations via Firebase Remote Config.",6,3,2.00,Operations,None,Medium,Low,Foundation,72.0,2026 Q2,"Enable data-driven UX iterations","Required for consent screen redesign. Enables continuous optimization based on real user behavior."
16,QR Verification Phase 1 MVP,"Secure QR verification with masked references, time-limited codes, anti-replay protection for in-person use cases.",9,9,1.00,All Users,Multiple,Medium,High,Ecosystem Growth,64.0,2026 Q3,"50K verifications/month, 10 pilot SPs","Enables new use cases (hospitals, hotels, HR). 10x SP ecosystem potential. Requires multi-stakeholder approval."
17,User Behavior Analytics Tool Selection,"Select and integrate analytics tool (UXCam/Firebase Analytics) to enable data-driven optimization.",7,3,2.33,Operations,None,Medium,Low,Foundation,76.0,2026 Q1,"Enable continuous user research","From Miro boards - tool evaluated but never selected. Critical foundation for all UX optimization work."
18,SP Quality Scoring Program,"Dashboard showing SP conversion metrics, quality scorecard, best practices guidance, and quarterly reviews.",7,5,1.40,SPs,None,Medium,Medium,Ecosystem Growth,68.0,2026 Q3,"+10% bottom-quartile SP conversion","SP behavior impacts conversion. No current mechanism to surface or incentivize improvement."
19,Customer Feedback Mechanism,"In-app feedback tool and banner for user research recruitment to enable continuous discovery.",6,4,1.50,All Users,DDA,Medium,Low,Foundation,68.0,2026 Q2,"Enable continuous user research","From Miro boards - planned but never built. Essential for validating UX changes."
20,Signing Service Optimization,"Optimize eSeal signing payload, implement async signing for large documents, add progress indicator.",6,6,1.00,All Users,DDA,High,Medium,Platform Maturity,64.0,2026 Q3,"-40% p95 signing latency, +700 shares/week","19.6% of technical failures are signing timeouts. Data-validated opportunity."
21,Platform-Specific Error Recovery Flows,"Implement platform-specific (iOS/Android) error recovery flows based on observed failure patterns.",6,5,1.20,All Users,None,High,Low,Platform Maturity,68.0,2026 Q2,"Reduce error abandonment by 20%","Data analysis shows different failure patterns by platform. Tailored recovery improves success rates."
22,One-Click Document Sharing (Quickshare),"Quick share from push notification, home screen, or notifications screen without full consent flow.",7,6,1.17,All Users,Legal,Low,High,Innovation,60.0,2026 Q3,"+5% sharing conversion","From Miro boards - reduces friction but requires consent mechanism revision. Legal dependency."
23,AI Chatbot Stage 1,"FAQ replacement chatbot to answer simple customer inquiries and reduce support burden.",6,7,0.86,All Users,Multiple,Low,Medium,Innovation,57.0,2026 Q4,"Reduce support tickets by 30%","From Miro boards - detailed planning exists but never delivered. High effort, medium impact."
24,Sharing Center (Dedicated Tab),"Dedicated tab for all sharing requests, SP list, and sharing history for improved discoverability.",6,7,0.86,All Users,DDA,Low,Medium,Platform Maturity,57.0,2026 Q4,"+10% sharing flow discoverability","From Miro boards - improves sharing UX but high effort for incremental benefit."
25,Selective Sharing,"Allow users to choose specific parts/fields of a document to share rather than full document.",7,8,0.88,All Users,Legal,Low,High,Innovation,54.0,2027+,"+15% user privacy satisfaction","From Miro boards - privacy feature but requires significant legal and technical work."
26,Revocable Access,"Allow users to revoke previously shared document access from SPs.",7,7,1.00,All Users,Legal,Low,High,Platform Maturity,56.0,2027+,"Enhanced user control","From Miro boards - control feature but complex implementation and legal review required."
27,Users Dashboard (Personal Stats),"Personal statistics dashboard showing docs requested, shared, environmental savings, usage patterns.",5,5,1.00,All Users,DDA,Low,Low,Innovation,58.0,2027+,"+5% user engagement","From Miro boards - engagement feature. Nice to have but not conversion-impacting."
28,QR Verification Phase 2,"Advanced QR with NFC tap-to-verify, selective disclosure, W3C VC alignment, lightweight SP onboarding.",8,9,0.89,All Users,Multiple,Low,High,Ecosystem Growth,53.0,2026 Q4,"500K verifications/month, 100+ QR-Only SPs","Depends on Phase 1 success. Advanced capabilities for scale."
29,Dark Mode,"System-wide dark theme support for accessibility and user preference.",4,4,1.00,All Users,DDA,Low,Low,Innovation,56.0,2027+,"Improved accessibility","From Miro boards - marked as P3/non-value-added. Correctly deprioritized."
30,Favorites Document Feature,"Mark frequently used documents as favorites for quick access.",4,3,1.33,All Users,DDA,Low,Low,Innovation,58.0,2027+,"+5% document access speed","From Miro boards (DVT-1539) - convenience feature. Low impact on conversion."
31,Predictive Document Availability,"ML model predicting document availability with proactive notifications and smart recommendations.",8,9,0.89,All Users,Multiple,Low,High,Innovation,51.0,2026 Q4,"<5% missing doc failures, 80% prediction accuracy","Requires ML infrastructure and privacy review. High effort, uncertain ROI."
32,Environmental Impact Display,"Show environmental impact (trees saved, paper reduced) from using digital documents.",3,3,1.00,All Users,None,Low,Low,Innovation,54.0,2027+,"Marketing value only","From Miro boards - marketing feature with no conversion impact."
33,AI Chatbot Stage 2,"Advanced chatbot for document search, request assistance, language translation, and summarization.",6,9,0.67,All Users,Multiple,Low,High,Innovation,46.0,2027+,"Enhanced self-service","From Miro boards - depends on Stage 1 success. High complexity."
